                      
{
    "color": [
        "#c1232b",
        "#27727b",
        "#fcce10",
        "#e87c25",
        "#b5c334",
        "#fe8463",
        "#9bca63",
        "#fad860",
        "#f3a43b",
        "#60c0dd",
        "#d7504b",
        "#c6e579",
        "#f4e001",
        "#f0805a",
        "#26c0c0"
    ],
    "backgroundColor": "rgba(0,0,0,0)",
    "textStyle": {},
    "title": {
        "textStyle": {
            "color": "#27727b"
        },
        "subtextStyle": {
            "color": "#aaaaaa"
        }
    },
    "line": {
        "itemStyle": {
            "normal": {
                "borderWidth": 1
            }
        },
        "lineStyle": {
            "normal": {
                "width": "3"
            }
        },
        "symbolSize": "5",
        "symbol": "emptyCircle",
        "smooth": false
    },
    "radar": {
        "itemStyle": {
            "normal": {
                "borderWidth": 1
            }
        },
        "lineStyle": {
            "normal": {
                "width": "3"
            }
        },
        "symbolSize": "5",
        "symbol": "emptyCircle",
        "smooth": false
    },
    "bar": {
        "itemStyle": {
            "normal": {
                "barBorderWidth": 0,
                "barBorderColor": "#ccc"
            },
            "emphasis": {
                "barBorderWidth": 0,
                "barBorderColor": "#ccc"
            }
        }
    },
    "pie": {
        "itemStyle": {
            "normal": {
                "borderWidth": 0,
                "borderColor": "#ccc"
            },
            "emphasis": {
                "borderWidth": 0,
                "borderColor": "#ccc"
            }
        }
    },
    "scatter": {
        "itemStyle": {
            "normal": {
                "borderWidth": 0,
                "borderColor": "#ccc"
            },
            "emphasis": {
                "borderWidth": 0,
                "borderColor": "#ccc"
            }
        }
    },
    "boxplot": {
        "itemStyle": {
            "normal": {
                "borderWidth": 0,
                "borderColor": "#ccc"
            },
            "emphasis": {
                "borderWidth": 0,
                "borderColor": "#ccc"
            }
        }
    },
    "parallel": {
        "itemStyle": {
            "normal": {
                "borderWidth": 0,
                "borderColor": "#ccc"
            },
            "emphasis": {
                "borderWidth": 0,
                "borderColor": "#ccc"
            }
        }
    },
    "sankey": {
        "itemStyle": {
            "normal": {
                "borderWidth": 0,
                "borderColor": "#ccc"
            },
            "emphasis": {
                "borderWidth": 0,
                "borderColor": "#ccc"
            }
        }
    },
    "funnel": {
        "itemStyle": {
            "normal": {
                "borderWidth": 0,
                "borderColor": "#ccc"
            },
            "emphasis": {
                "borderWidth": 0,
                "borderColor": "#ccc"
            }
        }
    },
    "gauge": {
        "itemStyle": {
            "normal": {
                "borderWidth": 0,
                "borderColor": "#ccc"
            },
            "emphasis": {
                "borderWidth": 0,
                "borderColor": "#ccc"
            }
        }
    },
    "candlestick": {
        "itemStyle": {
            "normal": {
                "color": "#c1232b",
                "color0": "#b5c334",
                "borderColor": "#c1232b",
                "borderColor0": "#b5c334",
                "borderWidth": 1
            }
        }
    },
    "graph": {
        "itemStyle": {
            "normal": {
                "borderWidth": 0,
                "borderColor": "#ccc"
            }
        },
        "lineStyle": {
            "normal": {
                "width": 1,
                "color": "#aaaaaa"
            }
        },
        "symbolSize": "5",
        "symbol": "emptyCircle",
        "smooth": false,
        "color": [
            "#c1232b",
            "#27727b",
            "#fcce10",
            "#e87c25",
            "#b5c334",
            "#fe8463",
            "#9bca63",
            "#fad860",
            "#f3a43b",
            "#60c0dd",
            "#d7504b",
            "#c6e579",
            "#f4e001",
            "#f0805a",
            "#26c0c0"
        ],
        "label": {
            "normal": {
                "textStyle": {
                    "color": "#eeeeee"
                }
            }
        }
    },
    "map": {
        "itemStyle": {
            "normal": {
                "areaColor": "#dddddd",
                "borderColor": "#eeeeee",
                "borderWidth": 0.5
            },
            "emphasis": {
                "areaColor": "rgba(254,153,78,1)",
                "borderColor": "#444444",
                "borderWidth": 1
            }
        },
        "label": {
            "normal": {
                "textStyle": {
                    "color": "#c1232b"
                }
            },
            "emphasis": {
                "textStyle": {
                    "color": "rgb(100,0,0)"
                }
            }
        }
    },
    "geo": {
        "itemStyle": {
            "normal": {
                "areaColor": "#dddddd",
                "borderColor": "#eeeeee",
                "borderWidth": 0.5
            },
            "emphasis": {
                "areaColor": "rgba(254,153,78,1)",
                "borderColor": "#444444",
                "borderWidth": 1
            }
        },
        "label": {
            "normal": {
                "textStyle": {
                    "color": "#c1232b"
                }
            },
            "emphasis": {
                "textStyle": {
                    "color": "rgb(100,0,0)"
                }
            }
        }
    },
    "categoryAxis": {
        "axisLine": {
            "show": true,
            "lineStyle": {
                "color": "#27727b"
            }
        },
        "axisTick": {
            "show": true,
            "lineStyle": {
                "color": "#27727b"
            }
        },
        "axisLabel": {
            "show": true,
            "textStyle": {
                "color": "#333"
            }
        },
        "splitLine": {
            "show": false,
            "lineStyle": {
                "color": [
                    "#ccc"
                ]
            }
        },
        "splitArea": {
            "show": false,
            "areaStyle": {
                "color": [
                    "rgba(250,250,250,0.3)",
                    "rgba(200,200,200,0.3)"
                ]
            }
        }
    },
    "valueAxis": {
        "axisLine": {
            "show": false,
            "lineStyle": {
                "color": "#333"
            }
        },
        "axisTick": {
            "show": false,
            "lineStyle": {
                "color": "#333"
            }
        },
        "axisLabel": {
            "show": true,
            "textStyle": {
                "color": "#333"
            }
        },
        "splitLine": {
            "show": true,
            "lineStyle": {
                "color": [
                    "#ccc"
                ]
            }
        },
        "splitArea": {
            "show": false,
            "areaStyle": {
                "color": [
                    "rgba(250,250,250,0.3)",
                    "rgba(200,200,200,0.3)"
                ]
            }
        }
    },
    "logAxis": {
        "axisLine": {
            "show": true,
            "lineStyle": {
                "color": "#27727b"
            }
        },
        "axisTick": {
            "show": true,
            "lineStyle": {
                "color": "#333"
            }
        },
        "axisLabel": {
            "show": true,
            "textStyle": {
                "color": "#333"
            }
        },
        "splitLine": {
            "show": true,
            "lineStyle": {
                "color": [
                    "#ccc"
                ]
            }
        },
        "splitArea": {
            "show": false,
            "areaStyle": {
                "color": [
                    "rgba(250,250,250,0.3)",
                    "rgba(200,200,200,0.3)"
                ]
            }
        }
    },
    "timeAxis": {
        "axisLine": {
            "show": true,
            "lineStyle": {
                "color": "#27727b"
            }
        },
        "axisTick": {
            "show": true,
            "lineStyle": {
                "color": "#333"
            }
        },
        "axisLabel": {
            "show": true,
            "textStyle": {
                "color": "#333"
            }
        },
        "splitLine": {
            "show": true,
            "lineStyle": {
                "color": [
                    "#ccc"
                ]
            }
        },
        "splitArea": {
            "show": false,
            "areaStyle": {
                "color": [
                    "rgba(250,250,250,0.3)",
                    "rgba(200,200,200,0.3)"
                ]
            }
        }
    },
    "toolbox": {
        "iconStyle": {
            "normal": {
                "borderColor": "#c1232b"
            },
            "emphasis": {
                "borderColor": "#e87c25"
            }
        }
    },
    "legend": {
        "textStyle": {
            "color": "#333333"
        }
    },
    "tooltip": {
        "axisPointer": {
            "lineStyle": {
                "color": "#27727b",
                "width": 1
            },
            "crossStyle": {
                "color": "#27727b",
                "width": 1
            }
        }
    },
    "timeline": {
        "lineStyle": {
            "color": "#293c55",
            "width": 1
        },
        "itemStyle": {
            "normal": {
                "color": "#27727b",
                "borderWidth": 1
            },
            "emphasis": {
                "color": "#72d4e0"
            }
        },
        "controlStyle": {
            "normal": {
                "color": "#27727b",
                "borderColor": "#27727b",
                "borderWidth": 0.5
            },
            "emphasis": {
                "color": "#27727b",
                "borderColor": "#27727b",
                "borderWidth": 0.5
            }
        },
        "checkpointStyle": {
            "color": "#c1232b",
            "borderColor": "rgba(194,53,49,0.5)"
        },
        "label": {
            "normal": {
                "textStyle": {
                    "color": "#293c55"
                }
            },
            "emphasis": {
                "textStyle": {
                    "color": "#293c55"
                }
            }
        }
    },
    "visualMap": {
        "color": [
            "#c1232b",
            "#fcce10"
        ]
    },
    "dataZoom": {
        "backgroundColor": "rgba(0,0,0,0)",
        "dataBackgroundColor": "rgba(181,195,52,0.3)",
        "fillerColor": "rgba(181,195,52,0.2)",
        "handleColor": "#27727b",
        "handleSize": "100%",
        "textStyle": {
            "color": "#999999"
        }
    },
    "markPoint": {
        "label": {
            "normal": {
                "textStyle": {
                    "color": "#eeeeee"
                }
            },
            "emphasis": {
                "textStyle": {
                    "color": "#eeeeee"
                }
            }
        }
    }
}