{
  "color": ["#4CA8F8", "#54AB6C", "#FAE94D", "#E73895"],
  "backgroundColor": "rgba(0,0,0,0)",
  "textStyle": {},
  "title": {
    "textStyle": {
      "color": "#BDE1F5"
    },
    "subtextStyle": {
      "color": "#BDE1F5"
    }
  },
  "line": {
    "itemStyle": {
      "normal": {}
    },
    "lineStyle": {
      "normal": {
        "width": 2
      }
    },
    "symbolSize": 6,
    "symbol": "circle",
    "smooth": true
  },
  "radar": {
    "itemStyle": {
      "normal": {
        "borderWidth": 2
      }
    },
    "lineStyle": {
      "normal": {
        "width": 2
      }
    },
    "symbolSize": 4,
    "symbol": "emptyCircle",
    "smooth": false
  },
  "bar": {
    "itemStyle": {
      "normal": {
        "barBorderColor": "#ccc",
        "barBorderWidth": 0
      },
      "emphasis": {
        "barBorderColor": "#ccc",
        "barBorderWidth": 0
      }
    }
  },
  "pie": {
    "itemStyle": {
      "normal": {
        "borderColor": "#ccc",
        "borderWidth": 0
      },
      "emphasis": {
        "borderColor": "#ccc",
        "borderWidth": 0
      }
    }
  },
  "scatter": {
    "itemStyle": {
      "normal": {
        "borderColor": "#ccc",
        "borderWidth": 0
      },
      "emphasis": {
        "borderColor": "#ccc",
        "borderWidth": 0
      }
    }
  },
  "boxplot": {
    "itemStyle": {
      "normal": {
        "borderColor": "#ccc",
        "borderWidth": 0
      },
      "emphasis": {
        "borderColor": "#ccc",
        "borderWidth": 0
      }
    }
  },
  "parallel": {
    "itemStyle": {
      "normal": {
        "borderColor": "#ccc",
        "borderWidth": 0
      },
      "emphasis": {
        "borderColor": "#ccc",
        "borderWidth": 0
      }
    }
  },
  "sankey": {
    "itemStyle": {
      "normal": {
        "borderColor": "#ccc",
        "borderWidth": 0
      },
      "emphasis": {
        "borderColor": "#ccc",
        "borderWidth": 0
      }
    }
  },
  "funnel": {
    "itemStyle": {
      "normal": {
        "borderColor": "#ccc",
        "borderWidth": 0
      },
      "emphasis": {
        "borderColor": "#ccc",
        "borderWidth": 0
      }
    }
  },
  "gauge": {
    "itemStyle": {
      "normal": {
        "borderColor": "#ccc",
        "borderWidth": 0
      },
      "emphasis": {
        "borderColor": "#ccc",
        "borderWidth": 0
      }
    }
  },
  "candlestick": {
    "itemStyle": {
      "normal": {
        "color": "#c23531",
        "color0": "#314656",
        "borderColor": "#c23531",
        "borderColor0": "#314656",
        "borderWidth": 1
      }
    }
  },
  "graph": {
    "itemStyle": {
      "normal": {
        "borderColor": "#ccc",
        "borderWidth": 0
      }
    },
    "lineStyle": {
      "normal": {
        "width": 1,
        "color": "#aaa"
      }
    },
    "symbolSize": 4,
    "symbol": "emptyCircle",
    "smooth": false,
    "color": ["#4BA7F8", "#53AA6B", "#FAE84D", "#E73896"],
    "label": {
      "normal": {
        "textStyle": {
          "color": "#fff"
        }
      }
    }
  },
  "map": {
    "itemStyle": {
      "normal": {
        "areaColor": "#eee",
        "borderColor": "#444",
        "borderWidth": 0.5
      },
      "emphasis": {
        "areaColor": "rgba(0, 21, 255, 1)",
        "borderColor": "#444",
        "borderWidth": 1
      }
    },
    "label": {
      "normal": {
        "textStyle": {
          "color": "#fff"
        }
      },
      "emphasis": {
        "textStyle": {
          "color": "rgba(252, 252, 252, 1)"
        }
      }
    }
  },
  "geo": {
    "itemStyle": {
      "normal": {
        "areaColor": "#eee",
        "borderColor": "#444",
        "borderWidth": 0.5
      },
      "emphasis": {
        "areaColor": "rgba(0, 21, 255, 1)",
        "borderColor": "#444",
        "borderWidth": 1
      }
    },
    "label": {
      "normal": {
        "textStyle": {
          "color": "#fff"
        }
      },
      "emphasis": {
        "textStyle": {
          "color": "rgba(252, 252, 252, 1)"
        }
      }
    }
  },
  "categoryAxis": {
    "axisLine": {
      "show": false,
      "lineStyle": {
        "color": "#344553"
      }
    },
    "axisTick": {
      "show": false,
      "lineStyle": {
        "color": "#344553"
      }
    },
    "axisLabel": {
      "show": true,
      "textStyle": {
        "color": "#6D97CA"
      }
    },
    "splitLine": {
      "show": true,
      "lineStyle": {
        "color": ["#28394C"]
      }
    },
    "splitArea": {
      "show": false,
      "areaStyle": {
        "color": ["rgba(250,250,250,0.3)", "rgba(200,200,200,0.3)"]
      }
    }
  },
  "valueAxis": {
    "axisLine": {
      "show": false,
      "lineStyle": {
        "color": "#344553"
      }
    },
    "axisTick": {
      "show": false,
      "lineStyle": {
        "color": "#344553"
      }
    },
    "axisLabel": {
      "show": true,
      "textStyle": {
        "color": "#6D97CA"
      }
    },
    "splitLine": {
      "show": true,
      "lineStyle": {
        "color": ["#28394C"]
      }
    },
    "splitArea": {
      "show": false,
      "areaStyle": {
        "color": ["rgba(250,250,250,0.3)", "rgba(200,200,200,0.3)"]
      }
    }
  },
  "logAxis": {
    "axisLine": {
      "show": false,
      "lineStyle": {
        "color": "#344553"
      }
    },
    "axisTick": {
      "show": false,
      "lineStyle": {
        "color": "#344553"
      }
    },
    "axisLabel": {
      "show": true,
      "textStyle": {
        "color": "#6D97CA"
      }
    },
    "splitLine": {
      "show": true,
      "lineStyle": {
        "color": ["#28394C"]
      }
    },
    "splitArea": {
      "show": false,
      "areaStyle": {
        "color": ["rgba(250,250,250,0.3)", "rgba(200,200,200,0.3)"]
      }
    }
  },
  "timeAxis": {
    "axisLine": {
      "show": false,
      "lineStyle": {
        "color": "#344553"
      }
    },
    "axisTick": {
      "show": false,
      "lineStyle": {
        "color": "#344553"
      }
    },
    "axisLabel": {
      "show": true,
      "textStyle": {
        "color": "#6D97CA"
      }
    },
    "splitLine": {
      "show": true,
      "lineStyle": {
        "color": ["#28394C"]
      }
    },
    "splitArea": {
      "show": false,
      "areaStyle": {
        "color": ["rgba(250,250,250,0.3)", "rgba(200,200,200,0.3)"]
      }
    }
  },
  "toolbox": {
    "iconStyle": {
      "normal": {
        "borderColor": "#999"
      },
      "emphasis": {
        "borderColor": "#666"
      }
    }
  },
  "legend": {
    "textStyle": {
      "color": "#6E96CA"
    }
  },
  "tooltip": {
    "axisPointer": {
      "lineStyle": {
        "color": "#ccc",
        "width": 1
      },
      "crossStyle": {
        "color": "#ccc",
        "width": 1
      }
    }
  },
  "timeline": {
    "lineStyle": {
      "color": "#293c55",
      "width": 1
    },
    "itemStyle": {
      "normal": {
        "color": "#293c55",
        "borderWidth": 1
      },
      "emphasis": {
        "color": "#a9334c"
      }
    },
    "controlStyle": {
      "normal": {
        "color": "#293c55",
        "borderColor": "#293c55",
        "borderWidth": 0.5
      },
      "emphasis": {
        "color": "#293c55",
        "borderColor": "#293c55",
        "borderWidth": 0.5
      }
    },
    "checkpointStyle": {
      "color": "#e43c59",
      "borderColor": "rgba(194,53,49, 0.5)"
    },
    "label": {
      "normal": {
        "textStyle": {
          "color": "#fff"
        }
      },
      "emphasis": {
        "textStyle": {
          "color": "#293c55"
        }
      }
    }
  },
  "visualMap": {
    "color": ["rgba(4, 136, 251, 1)", "rgba(31, 149, 252, 1)", "rgba(61, 163, 252, 1)", "rgba(92, 177, 252, 1)"]
  },
  "dataZoom": {
    "backgroundColor": "rgba(47,69,84,0)",
    "dataBackgroundColor": "rgba(47,69,84,0.3)",
    "fillerColor": "rgba(167,183,204,0.4)",
    "handleColor": "#a7b7cc",
    "handleSize": "100%",
    "textStyle": {
      "color": "#333"
    }
  },
  "markPoint": {
    "label": {
      "normal": {
        "textStyle": {
          "color": "#fff"
        }
      },
      "emphasis": {
        "textStyle": {
          "color": "#eee"
        }
      }
    }
  }
}
